answer_id,question_id,tier,answer,reference_answer,reference_files,correctness_0_1_2,citation_0_1
A-001,Q-07,path,"A `Response` object is turned into the WSGI output (status, headers, body) sent to the server by calling its `__call__` method with the `environ` and `start_response` parameters. This method passes the response's status and headers to the `start_response` function and then returns the response body as an iterable.

Here’s a brief overview of the process:

1. **Calling the Response**: The `Response` object is callable, meaning it can be invoked like a function. When it is called with `environ` and `start_response`, it prepares to send the response.

2. **Setting Status and Headers**: Inside the `__call__` method, the response's status and headers are passed to the `start_response` function. This function is part of the WSGI specification and is used to initiate the response.

3. **Returning the Body**: After calling `start_response`, the response body is returned as an iterable. This can be a string, bytes, or any iterable of strings or bytes, which allows for streaming responses.

This process ensures that the response is properly formatted according to the WSGI specification, allowing it to be sent back to the client.

(Source: `src/werkzeug/wrappers/response.py`)","Used as a WSGI app, Response.__call__(environ, start_response) (wrappers/response.py ~line 566) calls get_wsgi_response (~547), which assembles the body iterator via get_app_iter (~520) and the header list via get_wsgi_headers (~438), then calls start_response(status, headers) and returns the app iterator. status/headers state lives on the sansio.response base.",src/werkzeug/wrappers/response.py ; src/werkzeug/sansio/response.py,,
A-002,Q-03,locate,"The test Client and EnvironBuilder used to drive WSGI apps in tests are provided by the `werkzeug.test` module. 

(Source: `tests/test.py`)","src/werkzeug/test.py — EnvironBuilder (~line 177) assembles a WSGI environ, Client (~775) sends requests through an application and returns a TestResponse (~1288); run_wsgi_app (~1216) is the low-level driver that invokes the app callable.",src/werkzeug/test.py,,
A-003,Q-09,impact,"The parts of the codebase that are affected by modifying the `datastructures` package, specifically `MultiDict` and `Headers`, include:

1. **File Handling**: The `EnvironBuilder` class uses `MultiDict` for handling query parameters and form data. Changes to `MultiDict` could affect how data is processed and stored in requests.
   - Source: `src/werkzeug/http.py` (EnvironBuilder class)

2. **Request and Response Wrappers**: The `Request` class, which is part of the `wrappers` package, utilizes `Headers` for managing HTTP headers. Modifications to `Headers` could impact how headers are set and retrieved in requests and responses.
   - Source: `src/werkzeug/wrappers/request.py` and `src/werkzeug/wrappers/response.py`

3. **Testing Framework**: The `Client` class in the testing framework uses `MultiDict` and `Headers` to simulate requests and manage cookies. Changes here could affect how test requests are constructed and how headers are managed in test responses.
   - Source: `src/werkzeug/test.py` (Client class)

4. **Middleware**: Any middleware that interacts with request or response headers could also be affected, as they often rely on `Headers` for processing HTTP headers.
   - Source: Various middleware files in `src/werkzeug/middleware/`

5. **Routing**: The routing system may also be impacted if it relies on query parameters or headers for matching routes or processing requests.
   - Source: `src/werkzeug/routing/`

In summary, modifications to the `datastructures` package can have wide-ranging effects across the request handling, response management, testing, and routing components of the Werkzeug framework.","werkzeug.datastructures is the rank-1 bottleneck and god-node F-001 (fan_in 66, degree 76, reaching 11 communities). Headers (headers.py:21) and the MultiDict family (structures.py:139) back request.headers / args / form and response.headers, so wrappers, sansio, http, formparser and the test client all depend on their APIs.",src/werkzeug/datastructures/structures.py ; src/werkzeug/datastructures/headers.py ; src/werkzeug/wrappers/request.py,,
A-004,Q-04,path,"The provided material does not contain specific information on how a raw WSGI environ becomes a usable Request object. Therefore, I cannot answer the question based on the available sources.","werkzeug.wrappers.request.Request (class ~line 32) subclasses the framework-agnostic sansio.request.Request (~line 34). Request.__init__ pulls REQUEST_METHOD / PATH_INFO / QUERY_STRING / wsgi.url_scheme out of the environ and calls super().__init__(..., headers= EnvironHeaders(environ)); the sansio base stores method/path/headers while the wrappers subclass keeps self.environ and adds stream/body access.",src/werkzeug/wrappers/request.py ; src/werkzeug/sansio/request.py,,
A-005,Q-07,path,"The provided material does not contain information on how a Response object is turned into the WSGI (status, headers, body) output sent to the server. Therefore, I cannot answer the question based on the available data.","Used as a WSGI app, Response.__call__(environ, start_response) (wrappers/response.py ~line 566) calls get_wsgi_response (~547), which assembles the body iterator via get_app_iter (~520) and the header list via get_wsgi_headers (~438), then calls start_response(status, headers) and returns the app iterator. status/headers state lives on the sansio.response base.",src/werkzeug/wrappers/response.py ; src/werkzeug/sansio/response.py,,
A-006,Q-05,path,"The material provided does not contain specific information on how an incoming URL path is matched to a registered endpoint in the Werkzeug framework. Therefore, I cannot answer the question based on the available content.","Map.bind / bind_to_environ (routing/map.py) returns a MapAdapter; its match() (~line 509) delegates to routing/matcher.py StateMachineMatcher.match (~75), which walks the compiled Rule objects (routing/rules.py). A miss raises NotFound / MethodNotAllowed (from werkzeug.exceptions) or RequestRedirect (from routing.exceptions).",src/werkzeug/routing/map.py ; src/werkzeug/routing/matcher.py ; src/werkzeug/routing/rules.py,,
A-007,Q-09,impact,"Modifying the `werkzeug.datastructures` package, specifically the `MultiDict` and `Headers`, would affect several parts of the codebase due to their interconnectedness. The following components are impacted:

1. **FileStorage**: The `FileStorage` class in the `werkzeug.datastructures.file_storage` module interacts with `MultiDict` and `Headers`, as evidenced by the imports and implementations noted in the analysis.

2. **EnvironHeaders**: This class within the `werkzeug.datastructures.headers` module is also linked to `Headers`, which means changes to `Headers` could directly affect how `EnvironHeaders` operates.

3. **Mixins**: The `mixins` module in `werkzeug.datastructures` is designed to provide additional functionality to data structures, including `MultiDict` and `Headers`. Any modifications here could have cascading effects on all classes that utilize these mixins.

4. **HTTP Module**: The `werkzeug.http` module, which is used for handling HTTP-related functionalities, also imports and relies on `Headers`, meaning changes could impact how HTTP headers are processed.

5. **Exceptions**: The `werkzeug.exceptions` module imports `Headers`, indicating that any changes to how headers are managed could lead to different behaviors in how exceptions are raised or handled.

These interdependencies suggest that modifications to the `datastructures` package would have a broad impact across various modules within the Werkzeug library.

Sources:
- [[werkzeug.datastructures]]
- [[werkzeug.datastructures.file_storage]]
- [[werkzeug.datastructures.headers]]
- [[werkzeug.datastructures.mixins]]
- [[werkzeug.http]]
- [[werkzeug.exceptions]]","werkzeug.datastructures is the rank-1 bottleneck and god-node F-001 (fan_in 66, degree 76, reaching 11 communities). Headers (headers.py:21) and the MultiDict family (structures.py:139) back request.headers / args / form and response.headers, so wrappers, sansio, http, formparser and the test client all depend on their APIs.",src/werkzeug/datastructures/structures.py ; src/werkzeug/datastructures/headers.py ; src/werkzeug/wrappers/request.py,,
A-008,Q-06,path,"The provided material does not contain information regarding how submitted form data ends up in `request.form` and `request.files`. Therefore, I cannot answer the question based on the available material.","Request.form / Request.files (wrappers/request.py ~450/~491) call _load_form_data() (~266), which builds a parser via make_form_data_parser() -> formparser.FormDataParser and runs parse_from_environ (~202) -> parse (~218). parse reads the Content-Type with http.parse_options_header and dispatches to the urlencoded or multipart (sansio/multipart.py) parser, yielding MultiDicts of fields and FileStorage files.",src/werkzeug/wrappers/request.py ; src/werkzeug/formparser.py ; src/werkzeug/http.py,,
A-009,Q-05,path,"To trace how an incoming URL path is matched to a registered endpoint in Werkzeug, we can refer to the routing functionality provided in the `werkzeug.routing` module. The process involves the following steps:

1. **Define URL Rules**: URL rules are defined using the `r.Rule` class, which specifies the path and the associated endpoint. For example:
   ```python
   map = r.Map([
       r.Rule(""/"", endpoint=""index""),
       r.Rule(""/foo"", endpoint=""foo""),
       r.Rule(""/bar/"", endpoint=""bar""),
   ])
   ```

2. **Bind the Map**: The URL map is then bound to a specific server name and script root using the `bind` method. This creates an adapter that can match incoming requests against the defined rules:
   ```python
   adapter = map.bind(""example.org"", ""/"")
   ```

3. **Match Incoming Requests**: When an incoming request is received, the adapter's `match` method is called with the request path. The method attempts to find a matching rule:
   ```python
   endpoint, values = adapter.match(""/foo"")
   ```

4. **Redirects and Errors**: If the incoming path does not match any rule, the adapter may raise exceptions such as `NotFound` or `RequestRedirect`. For example, if a request is made to a path that requires a trailing slash, and the request does not include it, a `RequestRedirect` exception may be raised to redirect the client to the correct URL:
   ```python
   pytest.raises(r.RequestRedirect, lambda: adapter.match(""/bar""))
   ```

5. **WebSocket Matching**: If the request is for a WebSocket, the adapter can also match based on the `websocket` parameter:
   ```python
   adapter.match(""/ws"", websocket=True)
   ```

6. **Return Values**: If a match is found, the method returns the endpoint name and any parameters extracted from the URL:
   ```python
   assert adapter.match(""/foo"") == (""foo"", {})
   ```

In summary, the matching process involves defining URL rules, binding them to a server context, and using the adapter to match incoming paths to these rules, handling redirects and errors as necessary. This is encapsulated in the `match` method of the adapter, which checks the incoming path against the registered rules and returns the corresponding endpoint and parameters.

**Source files relied on**: 
- `tests/test_routing.py` (for examples of routing and matching)
- `src/werkzeug/routing/__init__.py` (for the underlying routing logic)","Map.bind / bind_to_environ (routing/map.py) returns a MapAdapter; its match() (~line 509) delegates to routing/matcher.py StateMachineMatcher.match (~75), which walks the compiled Rule objects (routing/rules.py). A miss raises NotFound / MethodNotAllowed (from werkzeug.exceptions) or RequestRedirect (from routing.exceptions).",src/werkzeug/routing/map.py ; src/werkzeug/routing/matcher.py ; src/werkzeug/routing/rules.py,,
A-010,Q-01,locate,"The URL routing `Map` and the bound `MapAdapter` it produces are implemented in the `src/werkzeug/routing/map.py` file. The `Map` class is responsible for creating the routing map, and the `MapAdapter` class is used to handle the routing logic associated with that map. 

(Source: werkzeug.routing.map)","src/werkzeug/routing/map.py — class Map (~line 40) holds the ordered Rule set and is bound via Map.bind / Map.bind_to_environ, returning a MapAdapter (~line 418) whose match() resolves a request path to an endpoint.",src/werkzeug/routing/map.py,,
A-011,Q-03,locate,"The module that provides the test Client and EnvironBuilder used to drive WSGI apps in tests is `werkzeug.test`. This is inferred from the evidence in community 14, which focuses on the `werkzeug.test.EnvironBuilder` and its usage in various test cases. 

(Source: wiki:community-14)","src/werkzeug/test.py — EnvironBuilder (~line 177) assembles a WSGI environ, Client (~775) sends requests through an application and returns a TestResponse (~1288); run_wsgi_app (~1216) is the low-level driver that invokes the app callable.",src/werkzeug/test.py,,
A-012,Q-04,path,"The provided material does not contain specific information on how a raw WSGI environ becomes a usable Request object. Therefore, I cannot answer the question based on the available sources.","werkzeug.wrappers.request.Request (class ~line 32) subclasses the framework-agnostic sansio.request.Request (~line 34). Request.__init__ pulls REQUEST_METHOD / PATH_INFO / QUERY_STRING / wsgi.url_scheme out of the environ and calls super().__init__(..., headers= EnvironHeaders(environ)); the sansio base stores method/path/headers while the wrappers subclass keeps self.environ and adds stream/body access.",src/werkzeug/wrappers/request.py ; src/werkzeug/sansio/request.py,,
A-013,Q-03,locate,"The module that provides the test Client and EnvironBuilder used to drive WSGI apps in tests is `werkzeug.test`. This is inferred from the evidence in community 14, which focuses on the `werkzeug.test.EnvironBuilder` and its usage in various test cases. 

Source: wiki:community-14","src/werkzeug/test.py — EnvironBuilder (~line 177) assembles a WSGI environ, Client (~775) sends requests through an application and returns a TestResponse (~1288); run_wsgi_app (~1216) is the low-level driver that invokes the app callable.",src/werkzeug/test.py,,
A-014,Q-01,locate,"The URL routing Map and the bound MapAdapter it produces are implemented in the `src/werkzeug/routing/map.py` file. 

Source: `src/werkzeug/routing/map.py`","src/werkzeug/routing/map.py — class Map (~line 40) holds the ordered Rule set and is bound via Map.bind / Map.bind_to_environ, returning a MapAdapter (~line 418) whose match() resolves a request path to an endpoint.",src/werkzeug/routing/map.py,,
A-015,Q-01,locate,"The URL routing Map and the bound MapAdapter it produces are implemented in the `src/werkzeug/routing/map.py` file. 

Source: `src/werkzeug/routing/map.py`","src/werkzeug/routing/map.py — class Map (~line 40) holds the ordered Rule set and is bound via Map.bind / Map.bind_to_environ, returning a MapAdapter (~line 418) whose match() resolves a request path to an endpoint.",src/werkzeug/routing/map.py,,
A-016,Q-02,locate,"The built-in HTTP exception classes (e.g., NotFound, BadRequest) and the abort() helper are not mentioned in the provided material. Therefore, I cannot answer the question based on the available information.","src/werkzeug/exceptions.py — HTTPException base (~line 68) with subclasses BadRequest (~192), Forbidden (~338), NotFound (~353), InternalServerError (~737); the default_exceptions status->class map (~837) and the Aborter / abort() helpers (~858-892).",src/werkzeug/exceptions.py,,
A-017,Q-09,impact,"Modifying the `werkzeug.datastructures` package, specifically the `MultiDict` and `Headers`, would affect several parts of the codebase due to their interconnectedness. The following components are impacted:

1. **FileStorage**: The `FileStorage` class in the `werkzeug.datastructures.file_storage` module interacts with `MultiDict` and `Headers`, as evidenced by the imports and implementations noted in the analysis.

2. **EnvironHeaders**: This class within the `werkzeug.datastructures.headers` module is also linked to `Headers`, which means changes to `Headers` could directly affect how `EnvironHeaders` operates.

3. **Mixins**: The `mixins` module in `werkzeug.datastructures` is designed to provide additional functionality to data structures, including `MultiDict` and `Headers`. Modifications here could influence the behavior of any classes that inherit from these mixins.

4. **HTTP Module**: The `werkzeug.http` module, which is used for handling HTTP-related functionalities, may also be affected since it imports and utilizes both `MultiDict` and `Headers`.

5. **Exceptions**: The `werkzeug.exceptions` module imports `Headers`, meaning that any changes to how headers are managed could lead to different exception handling behaviors.

These interdependencies suggest that modifications to the `datastructures` package could have wide-ranging effects across the Werkzeug library, particularly in areas related to file handling, HTTP processing, and error management.

Sources:
- [[werkzeug.datastructures]]
- [[werkzeug.datastructures.file_storage]]
- [[werkzeug.datastructures.headers]]
- [[werkzeug.http]]
- [[werkzeug.exceptions]]","werkzeug.datastructures is the rank-1 bottleneck and god-node F-001 (fan_in 66, degree 76, reaching 11 communities). Headers (headers.py:21) and the MultiDict family (structures.py:139) back request.headers / args / form and response.headers, so wrappers, sansio, http, formparser and the test client all depend on their APIs.",src/werkzeug/datastructures/structures.py ; src/werkzeug/datastructures/headers.py ; src/werkzeug/wrappers/request.py,,
A-018,Q-08,impact,"The provided material does not contain specific information regarding the consequences of changes to the `parse_` or `dump_` header helpers in `werkzeug.http`. Therefore, I cannot answer the question based on the available data.","werkzeug.http is a fan-in hub (validated god-node F-005; imported by ~21 modules): the datastructures (Accept/Auth/CacheControl/ETag/ Headers/Range), sansio request/response, wrappers.response, formparser and several middleware bind its parse_options_header / parse_dict_header / dump_header / cookie / etag / date helpers directly, so a behavior change ripples through header handling across the whole stack.",src/werkzeug/http.py ; src/werkzeug/sansio/request.py ; src/werkzeug/datastructures/headers.py,,
A-019,Q-06,path,"The provided material does not contain information regarding how submitted form data is processed to end up in `request.form` and `request.files`. Therefore, I cannot answer the question based on the available material.","Request.form / Request.files (wrappers/request.py ~450/~491) call _load_form_data() (~266), which builds a parser via make_form_data_parser() -> formparser.FormDataParser and runs parse_from_environ (~202) -> parse (~218). parse reads the Content-Type with http.parse_options_header and dispatches to the urlencoded or multipart (sansio/multipart.py) parser, yielding MultiDicts of fields and FileStorage files.",src/werkzeug/wrappers/request.py ; src/werkzeug/formparser.py ; src/werkzeug/http.py,,
A-020,Q-08,impact,"The provided material does not contain specific information regarding the consequences of changes to the `parse_` or `dump_` header helpers in `werkzeug.http`. Therefore, I cannot answer the question based on the available data.","werkzeug.http is a fan-in hub (validated god-node F-005; imported by ~21 modules): the datastructures (Accept/Auth/CacheControl/ETag/ Headers/Range), sansio request/response, wrappers.response, formparser and several middleware bind its parse_options_header / parse_dict_header / dump_header / cookie / etag / date helpers directly, so a behavior change ripples through header handling across the whole stack.",src/werkzeug/http.py ; src/werkzeug/sansio/request.py ; src/werkzeug/datastructures/headers.py,,
A-021,Q-10,impact,"The material provided does not contain specific information about the effects of changes to the HTTP exception hierarchy in `werkzeug.exceptions`. Therefore, I cannot answer the question based on the available data.","werkzeug.exceptions is god-node F-004 (fan_in 13, spans 8 communities), imported by ~16 modules: routing (NotFound / MethodNotAllowed), formparser and sansio (RequestEntityTooLarge / BadRequest), wrappers.request/response, middleware, serving and utils all raise or catch HTTPException subclasses, and abort()/Aborter route status codes through default_exceptions.",src/werkzeug/exceptions.py ; src/werkzeug/routing/map.py ; src/werkzeug/wrappers/request.py,,
A-022,Q-06,path,"The provided material does not contain specific information on how submitted form data ends up in `request.form` and `request.files`. Therefore, I cannot answer the question based on the available information.","Request.form / Request.files (wrappers/request.py ~450/~491) call _load_form_data() (~266), which builds a parser via make_form_data_parser() -> formparser.FormDataParser and runs parse_from_environ (~202) -> parse (~218). parse reads the Content-Type with http.parse_options_header and dispatches to the urlencoded or multipart (sansio/multipart.py) parser, yielding MultiDicts of fields and FileStorage files.",src/werkzeug/wrappers/request.py ; src/werkzeug/formparser.py ; src/werkzeug/http.py,,
A-023,Q-05,path,"The material provided does not contain sufficient information to trace how an incoming URL path is matched to a registered endpoint. Therefore, I cannot answer the question based on the available content.","Map.bind / bind_to_environ (routing/map.py) returns a MapAdapter; its match() (~line 509) delegates to routing/matcher.py StateMachineMatcher.match (~75), which walks the compiled Rule objects (routing/rules.py). A miss raises NotFound / MethodNotAllowed (from werkzeug.exceptions) or RequestRedirect (from routing.exceptions).",src/werkzeug/routing/map.py ; src/werkzeug/routing/matcher.py ; src/werkzeug/routing/rules.py,,
A-024,Q-07,path,"The provided material does not contain information on how a Response object is turned into the WSGI (status, headers, body) output sent to the server. Therefore, I cannot answer the question based on the available data.","Used as a WSGI app, Response.__call__(environ, start_response) (wrappers/response.py ~line 566) calls get_wsgi_response (~547), which assembles the body iterator via get_app_iter (~520) and the header list via get_wsgi_headers (~438), then calls start_response(status, headers) and returns the app iterator. status/headers state lives on the sansio.response base.",src/werkzeug/wrappers/response.py ; src/werkzeug/sansio/response.py,,
A-025,Q-02,locate,"The built-in HTTP exception classes (e.g., NotFound, BadRequest) and the abort() helper are defined in the `src/werkzeug/exceptions.py` file.","src/werkzeug/exceptions.py — HTTPException base (~line 68) with subclasses BadRequest (~192), Forbidden (~338), NotFound (~353), InternalServerError (~737); the default_exceptions status->class map (~837) and the Aborter / abort() helpers (~858-892).",src/werkzeug/exceptions.py,,
A-026,Q-04,path,"A raw WSGI environ becomes a usable Request object through the `wrappers.Request.from_environ` method. This method takes the WSGI environment dictionary as input and constructs a Request object that encapsulates the request data, including the HTTP method, path, query string, headers, and any other relevant information.

The process involves decoding the WSGI environment values appropriately and setting up the Request object with the necessary attributes that represent the incoming request. This allows the application to interact with the request in a more structured and convenient way.

The relevant source for this information is the `EnvironBuilder` class and its method `from_environ` in the `src/werkzeug/test.py` file, which details how to create a Request object from a WSGI environment.","werkzeug.wrappers.request.Request (class ~line 32) subclasses the framework-agnostic sansio.request.Request (~line 34). Request.__init__ pulls REQUEST_METHOD / PATH_INFO / QUERY_STRING / wsgi.url_scheme out of the environ and calls super().__init__(..., headers= EnvironHeaders(environ)); the sansio base stores method/path/headers while the wrappers subclass keeps self.environ and adds stream/body access.",src/werkzeug/wrappers/request.py ; src/werkzeug/sansio/request.py,,
A-027,Q-02,locate,"The material provided does not contain information regarding the location of the built-in HTTP exception classes (e.g., NotFound, BadRequest) or the abort() helper in the Werkzeug library. Therefore, I cannot answer the question based on the available material.","src/werkzeug/exceptions.py — HTTPException base (~line 68) with subclasses BadRequest (~192), Forbidden (~338), NotFound (~353), InternalServerError (~737); the default_exceptions status->class map (~837) and the Aborter / abort() helpers (~858-892).",src/werkzeug/exceptions.py,,
A-028,Q-06,path,"The provided material does not contain specific information on how submitted form data ends up in `request.form` and `request.files`. Therefore, I cannot answer the question based on the available information.","Request.form / Request.files (wrappers/request.py ~450/~491) call _load_form_data() (~266), which builds a parser via make_form_data_parser() -> formparser.FormDataParser and runs parse_from_environ (~202) -> parse (~218). parse reads the Content-Type with http.parse_options_header and dispatches to the urlencoded or multipart (sansio/multipart.py) parser, yielding MultiDicts of fields and FileStorage files.",src/werkzeug/wrappers/request.py ; src/werkzeug/formparser.py ; src/werkzeug/http.py,,
A-029,Q-08,impact,"If the `parse_`/`dump_` header helpers in `werkzeug.http` change their signature or behavior, it could break any code that relies on these functions for parsing or generating HTTP headers. This includes:

1. **Existing Functionality**: Any existing functionality that depends on the current behavior of these functions may not work as expected. For example, if the return types or the way parameters are handled change, it could lead to runtime errors or incorrect data being processed.

2. **Backward Compatibility**: If the changes are not backward compatible, it could cause issues for users who have built applications or libraries that depend on the current implementation. This could lead to a need for significant refactoring in dependent codebases.

3. **Testing and Validation**: Any tests that validate the behavior of these functions would need to be updated to reflect the new behavior, which could introduce additional maintenance overhead.

4. **Documentation and User Guidance**: Changes would necessitate updates to documentation and user guidance, which could lead to confusion if users are not aware of the changes.

5. **Deprecation Warnings**: If the changes involve deprecating certain features or parameters, users would need to adapt their code to avoid using deprecated features, which could lead to further issues if not managed properly.

In summary, changing the signature or behavior of the `parse_`/`dump_` header helpers could lead to breaking changes in any code that relies on them, necessitating updates and potentially causing runtime errors or incorrect behavior in applications. 

This information is derived from the context provided in the `src/werkzeug/http.py` file, which discusses the functionality and expected behavior of these helper functions.","werkzeug.http is a fan-in hub (validated god-node F-005; imported by ~21 modules): the datastructures (Accept/Auth/CacheControl/ETag/ Headers/Range), sansio request/response, wrappers.response, formparser and several middleware bind its parse_options_header / parse_dict_header / dump_header / cookie / etag / date helpers directly, so a behavior change ripples through header handling across the whole stack.",src/werkzeug/http.py ; src/werkzeug/sansio/request.py ; src/werkzeug/datastructures/headers.py,,
A-030,Q-10,impact,"The provided material does not contain any information regarding the HTTP exception hierarchy in `werkzeug.exceptions` or any details about how changes to it would affect other components. Therefore, I cannot answer the question based on the available material.","werkzeug.exceptions is god-node F-004 (fan_in 13, spans 8 communities), imported by ~16 modules: routing (NotFound / MethodNotAllowed), formparser and sansio (RequestEntityTooLarge / BadRequest), wrappers.request/response, middleware, serving and utils all raise or catch HTTPException subclasses, and abort()/Aborter route status codes through default_exceptions.",src/werkzeug/exceptions.py ; src/werkzeug/routing/map.py ; src/werkzeug/wrappers/request.py,,
A-031,Q-01,locate,"The URL routing Map and the bound MapAdapter it produces are implemented in the `src/werkzeug/routing/map.py` file. The `Map` class is responsible for creating the routing map, and the `MapAdapter` class is used to handle the routing logic associated with that map. 

(Source: werkzeug.routing.map)","src/werkzeug/routing/map.py — class Map (~line 40) holds the ordered Rule set and is bound via Map.bind / Map.bind_to_environ, returning a MapAdapter (~line 418) whose match() resolves a request path to an endpoint.",src/werkzeug/routing/map.py,,
A-032,Q-10,impact,"The material provided does not contain specific information about the effects of changes to the HTTP exception hierarchy in `werkzeug.exceptions`. Therefore, I cannot answer the question based on the available data.","werkzeug.exceptions is god-node F-004 (fan_in 13, spans 8 communities), imported by ~16 modules: routing (NotFound / MethodNotAllowed), formparser and sansio (RequestEntityTooLarge / BadRequest), wrappers.request/response, middleware, serving and utils all raise or catch HTTPException subclasses, and abort()/Aborter route status codes through default_exceptions.",src/werkzeug/exceptions.py ; src/werkzeug/routing/map.py ; src/werkzeug/wrappers/request.py,,
A-033,Q-07,path,"A `Response` object is turned into the WSGI output (status, headers, body) sent to the server by calling its `__call__` method with the `environ` and `start_response` parameters. This method passes the response's status and headers to the `start_response` function and then returns its body as an iterable.

Here’s a brief overview of the process:

1. **Calling the Response**: The `Response` object is callable, meaning it can be invoked like a function. When it is called with `environ` and `start_response`, it prepares to send the response.

2. **Setting Status and Headers**: Inside the `__call__` method, the response's status and headers are passed to the `start_response` function. This function is part of the WSGI specification and is used to initiate the response.

3. **Returning the Body**: After calling `start_response`, the response body is returned as an iterable. This can be a string, bytes, or any iterable of strings or bytes, which allows for streaming responses.

This process ensures that the response is formatted correctly according to the WSGI specification, allowing it to be sent back to the client.

(Source: `src/werkzeug/wrappers/response.py`)","Used as a WSGI app, Response.__call__(environ, start_response) (wrappers/response.py ~line 566) calls get_wsgi_response (~547), which assembles the body iterator via get_app_iter (~520) and the header list via get_wsgi_headers (~438), then calls start_response(status, headers) and returns the app iterator. status/headers state lives on the sansio.response base.",src/werkzeug/wrappers/response.py ; src/werkzeug/sansio/response.py,,
A-034,Q-08,impact,"If the `parse_` and `dump_` header helpers in `werkzeug.http` change their signature or behavior, it could break any code that relies on these functions for parsing or generating HTTP headers. This includes:

1. **Existing Function Calls**: Any existing calls to these functions in the codebase would fail if the expected parameters or return types change. For example, if a function signature changes from accepting a string to accepting a different type, or if the return type changes, it would lead to runtime errors.

2. **Dependency on Specific Behavior**: If the behavior of these functions changes (e.g., how they handle certain edge cases or the format of the output), it could lead to incorrect parsing or generation of headers, which may cause issues in HTTP request/response handling.

3. **Tests and Assertions**: Any unit tests or assertions that check the output of these functions would likely fail if the output format or values change. This could lead to a cascade of test failures, making it difficult to identify the root cause.

4. **Documentation and Usage**: Changes in the function signatures or behaviors would require updates to the documentation and any usage examples, which could lead to confusion for developers relying on outdated information.

5. **Interoperability**: If these functions are used in conjunction with other libraries or frameworks, changes could affect interoperability, leading to unexpected behavior when integrating with other systems.

In summary, any change to the `parse_` and `dump_` header helpers could lead to breaking changes in dependent code, tests, and documentation, potentially causing widespread issues in applications that rely on these functions. 

This information is derived from the content in the `src/werkzeug/http.py` file, which discusses the functionality and expected behavior of these header parsing and dumping functions.","werkzeug.http is a fan-in hub (validated god-node F-005; imported by ~21 modules): the datastructures (Accept/Auth/CacheControl/ETag/ Headers/Range), sansio request/response, wrappers.response, formparser and several middleware bind its parse_options_header / parse_dict_header / dump_header / cookie / etag / date helpers directly, so a behavior change ripples through header handling across the whole stack.",src/werkzeug/http.py ; src/werkzeug/sansio/request.py ; src/werkzeug/datastructures/headers.py,,
A-035,Q-04,path,"A raw WSGI environ becomes a usable Request object through the `EnvironBuilder` class in Werkzeug. The `EnvironBuilder` can be initialized with a WSGI environment dictionary, and it provides a method called `get_request()` that constructs a `Request` object from the built environment.

Here’s a brief overview of the process:

1. **Initialization**: The `EnvironBuilder` is initialized with the raw WSGI environ dictionary using the `from_environ` class method. This method extracts relevant information from the environ and prepares it for the request.

2. **Building the Request**: The `get_request()` method of the `EnvironBuilder` is called, which creates and returns a `Request` object populated with the data from the WSGI environ.

3. **Accessing Request Data**: The resulting `Request` object provides various properties and methods to access the request data, such as `args`, `form`, `data`, and others.

This process allows the raw WSGI environ to be transformed into a structured and usable `Request` object that can be easily manipulated in a web application context.

**Source files relied on**: 
- `src/werkzeug/test.py` (specifically the `EnvironBuilder` class and its methods)
- `src/werkzeug/wrappers/request.py` (for the `Request` class)","werkzeug.wrappers.request.Request (class ~line 32) subclasses the framework-agnostic sansio.request.Request (~line 34). Request.__init__ pulls REQUEST_METHOD / PATH_INFO / QUERY_STRING / wsgi.url_scheme out of the environ and calls super().__init__(..., headers= EnvironHeaders(environ)); the sansio base stores method/path/headers while the wrappers subclass keeps self.environ and adds stream/body access.",src/werkzeug/wrappers/request.py ; src/werkzeug/sansio/request.py,,
A-036,Q-02,locate,"The built-in HTTP exception classes (e.g. NotFound, BadRequest) and the abort() helper are defined in the `src/werkzeug/exceptions.py` file. 

(Source: `src/werkzeug/exceptions.py`)","src/werkzeug/exceptions.py — HTTPException base (~line 68) with subclasses BadRequest (~192), Forbidden (~338), NotFound (~353), InternalServerError (~737); the default_exceptions status->class map (~837) and the Aborter / abort() helpers (~858-892).",src/werkzeug/exceptions.py,,
A-037,Q-09,impact,"The parts of the codebase that are affected by modifying the `datastructures` package, specifically `MultiDict` and `Headers`, include:

1. **File Handling**: The `EnvironBuilder` class in `src/werkzeug/http.py` uses `MultiDict` for handling query parameters and form data. Changes to `MultiDict` could affect how data is processed and stored in requests.

2. **Request Handling**: The `Request` class in `src/werkzeug/wrappers/request.py` likely relies on `Headers` for managing HTTP headers. Modifications to `Headers` could impact how headers are set, retrieved, and processed in requests.

3. **Testing**: The test files, such as `tests/test_datastructures.py`, would be directly impacted as they likely contain tests for the functionality of `MultiDict` and `Headers`. Changes in these classes would necessitate updates to the tests to ensure they still pass.

4. **Middleware**: Any middleware that interacts with request or response headers would also be affected, as they may utilize `Headers` for processing HTTP headers.

5. **Form and File Data Handling**: The `FileMultiDict` class, which is a part of the `datastructures` package, is used in the `EnvironBuilder` for handling file uploads. Changes here could affect how file data is processed in requests.

In summary, modifications to the `datastructures` package would primarily impact the `EnvironBuilder`, `Request`, and any related middleware or testing components that rely on these data structures. 

(Source: `src/werkzeug/http.py`, `src/werkzeug/wrappers/request.py`, `tests/test_datastructures.py`)","werkzeug.datastructures is the rank-1 bottleneck and god-node F-001 (fan_in 66, degree 76, reaching 11 communities). Headers (headers.py:21) and the MultiDict family (structures.py:139) back request.headers / args / form and response.headers, so wrappers, sansio, http, formparser and the test client all depend on their APIs.",src/werkzeug/datastructures/structures.py ; src/werkzeug/datastructures/headers.py ; src/werkzeug/wrappers/request.py,,
A-038,Q-05,path,"To trace how an incoming URL path is matched to a registered endpoint in Werkzeug, we can refer to the routing functionality provided by the `werkzeug.routing` module. The process involves the following steps:

1. **Define a URL Map**: A `Map` object is created, which contains a list of `Rule` objects. Each `Rule` defines a specific path and associates it with an endpoint. For example:
   ```python
   map = r.Map([
       r.Rule(""/"", endpoint=""index""),
       r.Rule(""/foo"", endpoint=""foo""),
       r.Rule(""/bar/"", endpoint=""bar""),
   ])
   ```

2. **Bind the Map**: The URL map is then bound to a specific server name and script root using the `bind` method. This creates an adapter that can match incoming requests against the defined rules:
   ```python
   adapter = map.bind(""example.org"", ""/"")
   ```

3. **Match the Incoming Path**: When an incoming URL path is received, the `match` method of the adapter is called with the path. The method checks the path against the registered rules in the order they were defined:
   ```python
   endpoint, values = adapter.match(""/foo"")
   ```

4. **Redirects and Errors**: If the path does not match any rule, the adapter may raise exceptions such as `NotFound` or `RequestRedirect`. For example, if a request is made to a path that requires a trailing slash but is accessed without it, a `RequestRedirect` may be raised to redirect the user to the correct path:
   ```python
   pytest.raises(r.RequestRedirect, lambda: adapter.match(""/bar""))
   ```

5. **Return the Endpoint and Values**: If a match is found, the method returns the endpoint name and any associated values (e.g., path parameters). For instance, if the path `/foo` matches the rule for the `foo` endpoint, it will return:
   ```python
   assert adapter.match(""/foo"") == (""foo"", {})
   ```

This process allows Werkzeug to efficiently route incoming requests to the appropriate endpoint based on the defined URL patterns.

**Source files relied on**: 
- `tests/test_routing.py` (for examples of routing and matching logic)
- `src/werkzeug/routing/__init__.py` (for the implementation details of the routing system)","Map.bind / bind_to_environ (routing/map.py) returns a MapAdapter; its match() (~line 509) delegates to routing/matcher.py StateMachineMatcher.match (~75), which walks the compiled Rule objects (routing/rules.py). A miss raises NotFound / MethodNotAllowed (from werkzeug.exceptions) or RequestRedirect (from routing.exceptions).",src/werkzeug/routing/map.py ; src/werkzeug/routing/matcher.py ; src/werkzeug/routing/rules.py,,
A-039,Q-03,locate,"The test Client and EnvironBuilder used to drive WSGI apps in tests are provided by the `werkzeug.test` module. 

(Source: `tests/test.py`)","src/werkzeug/test.py — EnvironBuilder (~line 177) assembles a WSGI environ, Client (~775) sends requests through an application and returns a TestResponse (~1288); run_wsgi_app (~1216) is the low-level driver that invokes the app callable.",src/werkzeug/test.py,,
A-040,Q-10,impact,"The provided material does not contain any information regarding the HTTP exception hierarchy in `werkzeug.exceptions` or any details about how changes to that hierarchy would affect other components. Therefore, I cannot answer the question based on the available material.","werkzeug.exceptions is god-node F-004 (fan_in 13, spans 8 communities), imported by ~16 modules: routing (NotFound / MethodNotAllowed), formparser and sansio (RequestEntityTooLarge / BadRequest), wrappers.request/response, middleware, serving and utils all raise or catch HTTPException subclasses, and abort()/Aborter route status codes through default_exceptions.",src/werkzeug/exceptions.py ; src/werkzeug/routing/map.py ; src/werkzeug/wrappers/request.py,,
